INSERT INTO cleverbank.banks (id, name)
VALUES (1, 'Clever-Bank'),
       (2, 'Lama'),
       (3, 'Groot-Bank'),
       (4, 'PPT Bank'),
       (5, 'Bober-Bank');

INSERT INTO cleverbank.customers (first_name, last_name)
VALUES ('Alexander', 'Richardson'),
       ('August', 'Morris'),
       ('Demetrius', 'Jarvis'),
       ('Gage', 'Conway'),
       ('Hedley', 'Bennett'),
       ('Vincent', 'Fletcher'),
       ('Scott', 'Atkins'),
       ('Tiger', 'Morton'),
       ('Chester', 'Cunningham'),
       ('Julian', 'Maddox'),
       ('Roth', 'Duffy'),
       ('Hilel', 'Hudson'),
       ('Dolan', 'Boone'),
       ('Peter', 'Rosario'),
       ('Samuel', 'Brady'),
       ('Jackson', 'Thornton'),
       ('Raja', 'Rowland'),
       ('Kasimir', 'Boyle'),
       ('Allistair', 'Thornton'),
       ('Jacob', 'Dejesus');

INSERT INTO cleverbank.accounts ("number", "bankId", "customerId", balance)
VALUES ('BY12ABCD12345678901234012345', 1, 1, 12345),
       ('BY34EFGH56789012345678023456', 2, 2, 67890),
       ('BY56IJKL90123456789012034567', 3, 3, 45678),
       ('BY78MNOP23456789012345045678', 4, 4, 34567),
       ('BY90QRST56789012345678056789', 5, 5, 23456),
       ('BY01UVWX90123456789012067890', 1, 6, 12345),
       ('BY23YZAB23456789012345078901', 2, 7, 56789),
       ('BY45CDEF56789012345678123456', 3, 8, 78901),
       ('BY67GHIJ90123456789012034567', 4, 9, 90123),
       ('BY89KLMN23456789012345056789', 5, 10, 12345),
       ('BY02OPQR56789012345678012345', 1, 11, 23456),
       ('BY03STUV90123456789012023456', 2, 12, 34567),
       ('BY04WXYZ23456789012345034567', 3, 13, 45678),
       ('BY05ABCD56789012345678045678', 4, 14, 56789),
       ('BY06EFGH90123456789012056789', 5, 15, 67890),
       ('BY07IJKL23456789012345067890', 1, 16, 78901),
       ('BY08MNOP56789012345678078901', 2, 17, 90123),
       ('BY09QRST90123456789012090123', 3, 18, 12345),
       ('BY10UVWX23456789012345012345', 4, 19, 23456),
       ('BY11YZAB56789012345678023456', 5, 20, 34567),
       ('BY12CDEF90123456789012034567', 1, 1, 45678),
       ('BY13GHIJ23456789012345045678', 2, 2, 56789),
       ('BY14KLMN56789012345678056789', 3, 3, 67890),
       ('BY15OPQR90123456789012067890', 4, 4, 78901),
       ('BY16STUV23456789012345078901', 5, 5, 90123),
       ('BY17WXYZ56789012345678090123', 1, 6, 12345),
       ('BY18ABCD90123456789012012345', 2, 7, 23456),
       ('BY19EFGH23456789012345023456', 3, 8, 34567),
       ('BY20IJKL56789012345678034567', 4, 9, 45678),
       ('BY21MNOP90123456789012045678', 5, 10, 56789),
       ('BY22QRST23456789012345056789', 1, 11, 67890),
       ('BY23UVWX56789012345678067890', 2, 12, 78901),
       ('BY24YZAB90123456789012078901', 3, 13, 90123),
       ('BY25CDEF23456789012345090123', 4, 14, 12345),
       ('BY26GHIJ56789012345678012345', 5, 15, 23456),
       ('BY27KLMN90123456789012023456', 1, 16, 34567),
       ('BY28OPQR23456789012345034567', 2, 17, 45678),
       ('BY29STUV56789012345678045678', 3, 18, 56789),
       ('BY30WXYZ90123456789012056789', 4, 19, 67890),
       ('BY31ABCD23456789012345067890', 5, 20, 78901),
       ('BY32EFGH56789012345678078901', 1, 1, 90123),
       ('BY33IJKL90123456789012090123', 2, 2, 12345),
       ('BY34MNOP23456789012345012345', 3, 3, 23456),
       ('BY35QRST56789012345678023456', 4, 4, 34567),
       ('BY36UVWX90123456789012034567', 5, 5, 45678),
       ('BY37YZAB23456789012345045678', 1, 6, 56789),
       ('BY38CDEF56789012345678056789', 2, 7, 67890),
       ('BY39GHIJ90123456789012067890', 3, 8, 78901),
       ('BY40KLMN23456789012345078901', 4, 9, 90123);